,atomic_number,atomic_radius,atomic_radius_rahm,atomic_volume,atomic_weight,boiling_point,brinell_hardness,bulk_modulus,c6,c6_gb,covalent_radius_bragg,covalent_radius_cordero,covalent_radius_pyykko,covalent_radius_pyykko_double,covalent_radius_pyykko_triple,covalent_radius_slater,density,dipole_polarizability,electron_negativity,electron_affinity,en_allen,en_ghosh,en_pauling,first_ion_en,fusion_enthalpy,gs_bandgap,gs_energy,gs_est_bcc_latcnt,gs_est_fcc_latcnt,gs_mag_moment,gs_volume_per,hhi_p,hhi_r,heat_capacity_mass,heat_capacity_molar,icsd_volume,evaporation_heat,gas_basicity,heat_of_formation,lattice_constant,linear_expansion_coefficient,mendeleev_number,melting_point,metallic_radius,metallic_radius_c12,molar_volume,num_unfilled,num_valance,num_d_unfilled,num_d_valence,num_f_unfilled,num_f_valence,num_p_unfilled,num_p_valence,num_s_unfilled,num_s_valence,period,poissons_ratio,proton_affinity,specific_heat,thermal_conductivity,vdw_radius,vdw_radius_alvarez,vdw_radius_batsanov,vdw_radius_bondi,vdw_radius_dreiding,vdw_radius_mm3,vdw_radius_rt,vdw_radius_truhlar,vdw_radius_uff,sound_velocity,vickers_hardness,Polarizability,youngs_modulus
H,1,79.0,154.0,14.1,1.008,20.28,,,6.499026705,6.51,,31.0,32,,,25.0,0.0708,4.507107424,2.2,0.754195,13.61,0.2638,2.2,13.598443,0.06,7.853,-3.331290765,2.3651205490000002,2.979865165,0.0,6.615,,,14.304,28.836,32.02,0.904,,217.998,3.75,,103.0,14.01,,78.0,11.42,1.0,1.0,0.0,0.0,0.0,0.0,0.0,0.0,1.0,1.0,1,,,,0.1805,110.0,120.0,,120.0,319.5,162.0,110.0,,288.6,1270.0,,0.6667930000000001,
He,2,,134.0,31.8,4.0026019999999995,4.216,,,1.42,1.47,,28.0,46,,,,0.147,1.3837466999999999,4.16,-19.7,24.59,0.442712,,24.587387,,18.098,0.0011354000000000002,2.908733088,3.6647740460000002,0.0,12.305,3200.0,3900.0,5.13,20.785999999999998,19.08,0.08,148.5,,3.57,,1.0,0.95,,122.0,21.0,0.0,2.0,0.0,0.0,0.0,0.0,0.0,0.0,0.0,2.0,1,,177.8,5.188,0.1513,140.0,143.0,,140.0,,153.0,,,236.2,970.0,,0.20505189999999998,
Li,3,155.0,220.0,13.1,6.94,1118.15,,11.0,1392.0,1410.0,150.0,128.0,133,124.0,,145.0,0.534,164.0,0.98,0.618049,5.392,0.105093,0.98,5.391719,3.0,0.0,-1.86988691,3.2135708380000003,4.048845545,0.0,16.59333333,2900.0,4200.0,3.582,24.86,21.63,148.0,,159.3,3.49,4.6e-05,12.0,553.69,123.0,155.0,13.02,1.0,1.0,0.0,0.0,0.0,0.0,0.0,0.0,1.0,1.0,2,,,3.489,85.0,182.0,212.0,220.0,181.0,,255.0,,,245.1,6000.0,,24.33,4.9
Be,4,112.0,219.0,5.0,9.0121831,3243.0,600.0,130.0,227.0,214.0,115.0,96.0,102,90.0,85.0,105.0,1.848,37.71,1.57,-2.4,9.323,0.144986,1.57,9.3227,7.895,0.0,-3.755038695,2.508239481,3.160183721,0.0,7.89,8000.0,4000.0,1.825,16.442999999999998,8.11,309.0,,324.0,2.29,1.13e-05,77.0,1551.0,89.0,112.0,4.85,0.0,2.0,0.0,0.0,0.0,0.0,0.0,0.0,0.0,2.0,2,0.032,,1.824,190.0,153.0,198.0,190.0,,,223.0,,153.0,274.5,13000.0,1670.0,5.6,287.0
B,5,98.0,205.0,4.6,10.81,3931.0,,320.0,99.5,99.2,,84.0,85,78.0,73.0,85.0,2.34,20.53,2.04,0.279723,12.13,0.184886,2.04,8.29802,50.2,1.524,-6.677698154,2.429779429,3.0613302489999996,0.0,7.1725,2900.0,2000.0,1.026,11.087,7.75,504.5,,565.0,8.73,6e-06,86.0,2573.0,80.0,98.0,4.39,5.0,3.0,0.0,0.0,0.0,0.0,5.0,1.0,0.0,2.0,2,,,1.025,27.0,192.0,191.0,180.0,,402.0,215.0,,192.0,408.3,16200.0,49000.0,3.03,
C,6,91.0,190.0,5.3,12.011,5100.0,,33.0,46.6,47.9,77.0,73.0,75,67.0,60.0,70.0,2.25,20.53,2.55,1.262119,15.05,0.22477600000000003,2.55,11.2603,117.4,4.496,-9.209713655,2.242692341,2.825615289,0.0,5.64,500.0,500.0,0.7090000000000001,8.517000000000001,5.67,,,716.87,3.57,7.1e-06,95.0,3820.0,,86.0,5.29,4.0,4.0,0.0,0.0,0.0,0.0,4.0,2.0,0.0,2.0,2,,,0.711,140.0,170.0,177.0,170.0,170.0,389.83,204.0,177.0,,385.1,18350.0,,1.67,
N,7,92.0,179.0,17.3,14.007,77.4,,,24.2,25.7,65.0,71.0,71,60.0,54.0,65.0,0.8079999999999999,7.6,3.04,-1.4,18.13,0.26493,3.04,14.5341,0.355,6.437,-8.21144121,3.091182017,3.894645292,0.0,14.76875,1300.0,500.0,1.04,29.124000000000002,22.68,,318.7,472.44,4.039,,100.0,63.29,,53.0,13.54,3.0,5.0,0.0,0.0,0.0,0.0,3.0,3.0,0.0,2.0,2,,342.2,,0.025830000000000002,155.0,166.0,160.0,155.0,366.21,193.0,164.0,,366.0,333.6,,1.1,
O,8,,171.0,14.0,15.999,90.19,,,15.6,16.7,65.0,66.0,63,57.0,53.0,60.0,1.149,5.24,3.44,1.4611135,21.36,0.304575,3.44,13.61805,0.22,0.0,-4.756791905,2.6308937869999998,3.314718462,0.0,9.105,500.0,500.0,0.9179999999999999,29.378,17.36,,459.6,249.229,6.83,,101.0,54.8,,,17.36,2.0,6.0,0.0,0.0,0.0,0.0,2.0,4.0,0.0,2.0,2,,485.2,,0.02658,152.0,150.0,155.0,152.0,340.46,182.0,158.0,,350.0,317.5,,0.802,
F,9,,163.0,17.1,18.99840316,85.01,,,9.52,10.2,67.0,57.0,64,59.0,53.0,50.0,1.1079999999999999,3.7,3.98,3.4011897000000006,24.8,0.344443,3.98,17.4228,0.255,1.97,-1.6980609580000001,2.6876897289999997,3.386276865,0.0,9.7075,1500.0,1500.0,0.8240000000000001,31.304000000000002,16.42,6.54,315.1,79.335,,,102.0,53.53,,,11.2,1.0,7.0,0.0,0.0,0.0,0.0,1.0,5.0,0.0,2.0,2,,340.1,,0.0277,147.0,146.0,150.0,147.0,347.2,171.0,146.0,,336.4,,,0.557,
Ne,10,,156.0,16.8,20.1797,27.1,,,6.2,6.91,,58.0,67,96.0,,,1.204,2.67,4.79,,28.31,0.38439,,21.56454,0.16399999999999998,13.088,0.09403567,2.934893568,3.6977341860000004,0.0,12.64,,,1.03,20.785999999999998,23.09,1.74,174.4,,4.43,,2.0,48.0,,,13.23,0.0,8.0,0.0,0.0,0.0,0.0,0.0,6.0,0.0,2.0,2,,198.8,1.0290000000000001,0.0491,154.0,158.0,,154.0,,160.0,181.0,,324.3,936.0,,0.39432,
Na,11,190.0,225.0,23.7,22.98976928,1156.1,0.69,6.3,1518.0,1570.0,177.0,166.0,155,160.0,,180.0,0.971,162.7,0.93,0.547926,5.14,0.093214,0.93,5.139076,2.6,0.0,-1.2602413829999999,3.88167309,4.890601633999999,0.0,29.24333333,1100.0,500.0,1.228,28.23,39.76,97.9,,107.5,4.23,7.099999999999999e-05,11.0,370.96,157.0,190.0,23.78,1.0,1.0,0.0,0.0,0.0,0.0,0.0,0.0,1.0,1.0,3,,,1.222,140.0,227.0,250.0,240.0,227.0,,270.0,176.0,,298.3,3200.0,,24.11,10.0
Mg,12,160.0,240.0,14.0,24.305,1363.0,260.0,45.0,626.0,629.0,142.0,141.0,139,132.0,127.0,150.0,1.7380000000000002,70.89,1.31,,7.646,0.121644,1.31,7.646235000000001,8.48,0.0,-1.54227231,3.577326635,4.50714913,0.0,22.89,5300.0,500.0,1.023,24.869,23.48,131.8,797.3,147.1,3.21,8.2e-06,73.0,922.0,136.0,160.0,14.0,0.0,2.0,0.0,0.0,0.0,0.0,0.0,0.0,0.0,2.0,3,0.29,819.6,1.025,160.0,173.0,251.0,220.0,173.0,,243.0,187.0,,302.1,4602.0,,10.6,45.0
Al,13,143.0,239.0,10.0,26.9815385,2740.0,245.0,76.0,528.0,520.0,135.0,121.0,126,113.0,111.0,125.0,2.6989,46.0,1.61,0.43283,9.539,0.150078,1.61,5.985768,10.71,0.0,-3.74542312,3.2062378330000003,4.039606536,0.0,16.48,1600.0,1000.0,0.897,24.2,16.61,284.1,,330.9,4.05,2.3100000000000002e-05,80.0,933.5,125.0,143.0,10.0,5.0,3.0,0.0,0.0,0.0,0.0,5.0,1.0,0.0,2.0,3,0.35,,0.9,235.0,184.0,225.0,210.0,,439.0,236.0,203.0,184.0,449.9,5100.0,167.0,6.8,70.0
Si,14,132.0,232.0,12.1,28.085,2628.0,,100.0,305.0,308.0,117.0,111.0,116,107.0,102.0,110.0,2.33,37.31,1.9,1.3895211,11.33,0.178503,1.9,8.15168,50.21,0.773,-5.424918005,3.4448498389999997,4.340238825,0.0,20.44,4700.0,1000.0,0.7120000000000001,19.99,20.02,383.0,814.1,450.0,5.43,2.6e-06,85.0,1683.0,117.0,138.0,12.06,4.0,4.0,0.0,0.0,0.0,0.0,4.0,2.0,0.0,2.0,3,,837.0,0.703,150.0,210.0,219.0,210.0,210.0,427.0,229.0,,,429.5,2200.0,,5.53,47.0
P,15,128.0,223.0,17.0,30.973762,553.0,,11.0,185.0,187.0,,107.0,111,102.0,94.0,100.0,1.82,24.93,2.19,0.746607,13.33,0.206931,2.19,10.48669,18.54,1.625,-5.400509043,3.560590636,4.486063093,0.0,22.5702381,2000.0,5100.0,0.769,23.824,18.99,49.8,604.8,316.5,7.17,,90.0,317.3,110.0,128.0,17.02,3.0,5.0,0.0,0.0,0.0,0.0,3.0,3.0,0.0,2.0,3,,626.8,0.757,0.23600000000000002,180.0,190.0,195.0,180.0,415.0,222.0,,,414.7,,,3.63,
S,16,127.0,214.0,15.5,32.06,717.824,,7.7,134.0,140.0,102.0,105.0,103,94.0,95.0,100.0,2.07,24.93,2.58,2.07710403,15.31,0.23596,2.58,10.36001,1.7209999999999999,2.202,-4.0972167189999995,3.722284555,4.689784663999999,0.0,25.786875,700.0,1000.0,0.708,22.7,25.76,10.5,640.2,277.17,10.47,,94.0,386.0,104.0,127.0,15.53,2.0,6.0,0.0,0.0,0.0,0.0,2.0,4.0,0.0,2.0,3,,664.3,0.732,0.205,180.0,189.0,180.0,180.0,403.0,215.0,,,403.5,,,2.9,
Cl,17,,206.0,18.7,35.45,238.6,,1.1,94.6,97.1,105.0,102.0,99,95.0,93.0,100.0,1.56,24.93,3.16,3.612725,16.97,0.263803,3.16,12.96763,3.2,2.4930000000000003,-1.784433755,3.65918124,4.610279469,0.0,24.4975,1500.0,1000.0,0.479,33.949,29.05,20.41,490.1,121.302,6.24,,99.0,172.2,,91.0,17.39,1.0,7.0,0.0,0.0,0.0,0.0,1.0,5.0,0.0,2.0,3,,513.6,,0.0089,175.0,182.0,180.0,175.0,395.03,207.0,,,394.7,206.0,,2.18,
Ar,18,,197.0,24.2,39.948,87.3,,,64.2,67.4,,106.0,96,107.0,96.0,,1.4,11.07,3.24,-11.5,19.17,0.2922,,15.75961,1.18,9.26,0.05854104,3.850300758,4.851074973,0.0,28.54,,,0.52,20.785999999999998,36.3,6.52,346.3,,5.26,,3.0,83.8,,,22.56,0.0,8.0,0.0,0.0,0.0,0.0,0.0,6.0,0.0,2.0,3,,369.2,0.138,0.01772,188.0,194.0,,188.0,,199.0,,,386.8,319.0,,1.6411,
K,19,235.0,234.0,45.3,39.0983,1047.0,0.363,3.1,3923.0,3910.0,207.0,203.0,196,193.0,,220.0,0.856,290.6,0.82,0.50147,4.34,0.0981896,0.82,4.3406633,2.335,0.0,-1.097539713,5.268200874,6.637517176,0.0,73.10666667,1700.0,7200.0,0.757,29.6,75.63,2.33,,89.0,5.23,,10.0,336.8,203.0,235.0,45.94,1.0,1.0,0.0,0.0,0.0,0.0,0.0,0.0,1.0,1.0,4,,,0.753,100.0,275.0,273.0,280.0,275.0,,309.0,,,381.2,2000.0,,43.06,
Ca,20,197.0,270.0,29.9,40.078,1757.0,167.0,17.0,2163.0,2230.0,170.0,176.0,171,147.0,133.0,180.0,1.55,169.0,1.0,0.02455,6.1129999999999995,0.1154119,1.0,6.11316,8.54,0.0,-1.948329565,4.2272603239999995,5.3260142660000005,0.0,37.77,3900.0,1500.0,0.647,25.929000000000002,44.19,153.6,,177.8,5.58,2.23e-05,16.0,1112.0,174.0,197.0,26.2,0.0,2.0,0.0,0.0,0.0,0.0,0.0,0.0,0.0,2.0,4,0.31,,0.653,200.0,231.0,262.0,240.0,,,281.0,,231.0,339.9,3810.0,,25.0,20.0
Sc,21,162.0,263.0,15.0,44.955908,3104.0,750.0,57.0,1383.0,1570.0,,170.0,148,116.0,114.0,160.0,2.99,142.28,1.36,0.188,7.042000000000001,0.11938330000000001,1.36,6.561489999999999,14.1,0.0,-6.28551309,3.5428740210000003,4.463741557,6.35e-06,22.235,5500.0,4500.0,0.568,25.52,24.96,332.7,892.0,377.8,3.31,1.0199999999999999e-05,19.0,1814.0,144.0,162.0,15.0,9.0,3.0,9.0,1.0,0.0,0.0,0.0,0.0,0.0,2.0,4,0.28,914.0,0.556,16.0,215.0,258.0,230.0,,,261.0,,,329.5,,,17.8,74.0
Ti,22,147.0,257.0,10.6,47.867,3560.0,716.0,110.0,1044.0,1200.0,140.0,160.0,136,117.0,108.0,140.0,4.54,114.34,1.54,0.079,8.17,0.12336369999999999,1.54,6.828119999999999,14.15,0.0,-7.77522712,3.2197991210000003,4.056692689,2.25e-05,16.69,1100.0,1600.0,0.524,25.06,17.67,422.6,853.7,473.0,2.95,8.6e-06,51.0,1933.0,132.0,147.0,10.64,8.0,4.0,8.0,2.0,0.0,0.0,0.0,0.0,0.0,2.0,4,0.32,876.0,0.523,22.0,211.0,246.0,215.0,,,239.0,,,317.5,4140.0,970.0,14.6,116.0
V,23,134.0,252.0,8.35,50.9415,3650.0,628.0,160.0,832.0,955.0,,153.0,134,112.0,106.0,135.0,6.11,97.34,1.63,0.525,9.062999999999999,0.12733440000000001,1.63,6.7461899999999995,21.5,0.0,-8.93926069,2.963255488,3.733467966,0.0,13.01,3300.0,3400.0,0.489,24.89,13.88,460.0,836.8,515.5,3.02,8.4e-06,54.0,2160.0,122.0,134.0,8.32,7.0,5.0,7.0,3.0,0.0,0.0,0.0,0.0,0.0,2.0,4,0.37,859.4,0.485,31.0,207.0,242.0,205.0,,,229.0,,,314.4,4560.0,628.0,12.4,128.0
Cr,24,130.0,233.0,7.23,51.9961,2945.0,1120.0,160.0,602.0,709.0,140.0,139.0,122,111.0,103.0,140.0,7.18,78.4,1.66,0.6659999999999999,9.77,0.13130529999999999,1.66,6.76651,21.0,0.0,-9.50571654,2.8180802789999997,3.550558664,0.0,11.19,3100.0,4100.0,0.449,23.35,12.01,342.0,768.4,397.48,2.88,4.9e-06,57.0,2130.0,119.0,128.0,7.23,6.0,6.0,5.0,5.0,0.0,0.0,0.0,0.0,1.0,1.0,4,0.21,791.3,0.488,94.0,206.0,245.0,205.0,,,225.0,,,302.3,5940.0,1060.0,11.6,279.0
Mn,25,135.0,242.0,7.39,54.938044,2235.0,196.0,120.0,552.0,635.0,147.0,150.0,119,105.0,103.0,140.0,7.21,66.8,1.55,,10.34,0.1352844,1.55,7.434019999999999,12.91,0.0,-9.02056525,2.757836487,3.474656242,0.000310121,10.48758621,1600.0,1800.0,0.479,26.32,12.2,221.0,774.4,283.3,8.89,2.17e-05,60.0,1517.0,118.0,127.0,7.35,5.0,7.0,5.0,5.0,0.0,0.0,0.0,0.0,0.0,2.0,4,,797.3,0.47700000000000004,7.8,205.0,245.0,205.0,,,224.0,,,296.1,5150.0,,9.4,198.0
Fe,26,126.0,226.0,7.1,55.845,3023.0,490.0,170.0,482.0,548.0,140.0,142.0,116,109.0,102.0,140.0,7.874,63.93,1.83,0.151,10.64,0.13925320000000002,1.83,7.9024,13.81,0.0,-8.28548436,2.7789233789999996,3.501224062,2.1106627999999996,10.73,2400.0,1400.0,0.449,25.1,11.78,340.0,731.1,415.5,2.87,1.18e-05,61.0,1808.0,117.0,126.0,7.09,4.0,8.0,4.0,6.0,0.0,0.0,0.0,0.0,0.0,2.0,4,0.29,754.0,0.44299999999999995,80.0,204.0,244.0,205.0,,,223.0,,,291.2,4910.0,608.0,8.4,211.0
Co,27,125.0,222.0,6.7,58.93319399999999,3143.0,700.0,180.0,408.0,461.0,137.0,138.0,111,103.0,96.0,135.0,8.9,57.71,1.88,0.66225646,10.86,0.14323629999999998,1.88,7.881010000000001,16.2,0.0,-7.080389145,2.7364067480000003,3.447656463,1.5484712,10.245,3100.0,2700.0,0.42100000000000004,24.81,11.12,389.1,719.8,426.7,2.51,1.3000000000000001e-05,64.0,1768.0,116.0,125.0,6.67,3.0,9.0,3.0,7.0,0.0,0.0,0.0,0.0,0.0,2.0,4,0.31,742.7,0.456,100.0,200.0,240.0,200.0,,,223.0,,,287.2,4720.0,1043.0,7.5,209.0
Ni,28,124.0,219.0,6.6,58.6934,3005.0,700.0,180.0,373.0,393.0,135.0,124.0,110,101.0,101.0,135.0,8.902000000000001,51.1,1.91,1.156,11.13,0.1472068,1.91,7.6398,17.48,0.0,-5.54632457,2.74306794,3.456049039,0.5953946999999999,10.32,1000.0,1500.0,0.444,26.07,10.86,378.6,714.1,430.1,3.52,1.34e-05,67.0,1726.0,115.0,124.0,6.59,2.0,10.0,2.0,8.0,0.0,0.0,0.0,0.0,0.0,2.0,4,0.31,737.0,0.44299999999999995,91.0,197.0,240.0,200.0,,,222.0,,,283.4,4970.0,638.0,6.8,200.0
Cu,29,128.0,217.0,7.1,63.54600000000001,2840.0,874.0,140.0,253.0,264.0,137.0,132.0,112,115.0,120.0,135.0,8.96,46.5,1.9,1.235,10.96,0.15117160000000002,1.9,7.726380000000001,13.6,0.0,-3.68065482,2.807970487,3.5378211239999997,0.0,11.07,1600.0,1500.0,0.385,24.44,11.81,304.6,632.4,337.4,3.61,1.65e-05,72.0,1356.6,118.0,128.0,7.11,1.0,11.0,0.0,10.0,0.0,0.0,0.0,0.0,1.0,1.0,4,0.34,655.3,0.385,400.0,196.0,238.0,200.0,,,226.0,,,349.5,3570.0,369.0,6.2,130.0
Zn,30,138.0,222.0,9.2,65.38,1180.0,412.0,70.0,284.0,276.0,132.0,122.0,118,120.0,,135.0,7.132999999999999,38.8,1.65,,9.395,0.15515179999999998,1.65,9.394199,7.068,0.0,-1.239999915,3.0336942239999996,3.822215211,0.0,13.96,1600.0,1900.0,0.38799999999999996,25.39,15.19,114.8,586.0,130.4,2.66,3.02e-05,76.0,692.73,121.0,134.0,9.16,0.0,12.0,0.0,10.0,0.0,0.0,0.0,0.0,0.0,2.0,4,0.25,608.6,0.38799999999999996,120.0,201.0,239.0,210.0,,,229.0,,,276.3,3700.0,,5.75,108.0
Ga,31,141.0,233.0,11.8,69.723,2676.0,60.0,,498.0,456.0,,122.0,124,117.0,121.0,130.0,5.91,49.9,1.81,0.43,10.39,0.17237729999999998,1.81,5.999301,5.585,0.0,-3.0122553030000003,3.353549368,4.225207441,0.0,18.8575,5500.0,1900.0,0.373,26.03,19.6,270.3,,271.96,4.51,0.00011999999999999999,81.0,302.93,125.0,140.0,11.8,5.0,13.0,0.0,10.0,0.0,0.0,5.0,1.0,0.0,2.0,4,,,0.37200000000000005,29.0,187.0,232.0,210.0,187.0,439.0,246.0,,,438.3,2740.0,,8.12,
Ge,32,137.0,234.0,13.6,72.63,3103.0,,,354.0,365.0,,120.0,121,111.0,114.0,125.0,5.3229999999999995,39.43,2.01,1.232712,11.8,0.1895892,2.01,7.899430000000001,36.94,0.38299999999999995,-4.616039545,3.583307493,4.514684539,0.0,23.005,5300.0,1900.0,0.32,23.221999999999998,22.23,328.0,,372.0,5.66,6e-06,84.0,1210.6,124.0,144.0,13.63,4.0,14.0,0.0,10.0,0.0,0.0,4.0,2.0,0.0,2.0,4,,,0.322,60.0,211.0,229.0,210.0,,427.0,244.0,,211.0,428.0,5400.0,,5.84,
As,33,139.0,231.0,13.1,74.921595,876.0,1440.0,22.0,246.0,260.0,126.0,119.0,121,114.0,106.0,115.0,5.73,29.8,2.18,0.804,13.08,0.2068208,2.18,9.7886,24.44,0.0,-4.650889115,3.539684396,4.459722881,0.0,22.175,3300.0,4000.0,0.32899999999999996,24.64,21.52,32.4,,302.5,4.13,,89.0,1090.0,121.0,148.0,12.95,3.0,15.0,0.0,10.0,0.0,0.0,3.0,3.0,0.0,2.0,4,,,0.32799999999999996,50.0,185.0,188.0,205.0,185.0,415.0,236.0,,,423.0,,,4.31,8.0
Se,34,140.0,224.0,16.5,78.971,958.1,736.0,8.3,210.0,233.0,117.0,120.0,116,107.0,107.0,115.0,4.79,26.24,2.55,2.02067,14.34,0.2240328,2.55,9.75239,6.69,0.799,-3.47079191,3.7286790069999998,4.697841169,0.0,25.92,2200.0,6000.0,0.321,25.363000000000003,29.81,59.7,,227.2,4.36,,93.0,490.0,117.0,140.0,16.42,2.0,16.0,0.0,10.0,0.0,0.0,2.0,4.0,0.0,2.0,4,0.33,,,0.52,190.0,182.0,190.0,190.0,403.0,229.0,,,420.5,3350.0,,3.77,10.0
Br,35,,219.0,23.5,79.904,331.9,,1.9,162.0,187.0,119.0,120.0,114,109.0,110.0,115.0,3.12,21.8,2.96,3.3635882000000006,15.88,0.2412578,2.96,11.8138,5.285,1.4569999999999999,-1.5830253380000001,3.8921164439999996,4.9037594360000005,0.0,29.48,3300.0,6900.0,0.474,75.69,65.14,29.56,531.2,111.85,6.67,,98.0,265.9,,117.0,19.78,1.0,17.0,0.0,10.0,0.0,0.0,1.0,5.0,0.0,2.0,4,,554.4,,0.12,185.0,186.0,190.0,183.0,395.0,222.0,,,418.9,,,3.05,
Kr,36,,212.0,32.2,83.79799999999999,120.85,,,130.0,136.0,,116.0,117,121.0,108.0,,2.155,17.075,3.0,,17.54,0.2584813,,13.99961,1.1640000000000001,7.535,0.08753524,4.162477568,5.244393107,0.0,36.06,,,0.248,20.785999999999998,44.81,9.05,402.4,,5.72,,4.0,116.6,,,27.99,0.0,18.0,0.0,10.0,0.0,0.0,0.0,6.0,0.0,2.0,4,,424.6,0.247,0.00943,202.0,207.0,,202.0,,215.0,,,414.1,1120.0,,2.4844,
Rb,37,248.0,240.0,55.9,85.4678,961.0,0.21600000000000003,2.5,4769.0,4660.0,225.0,220.0,210,202.0,,235.0,1.5319999999999998,318.8,0.82,0.48591999999999996,4.177,0.10468599999999999,0.82,4.177128,2.19,0.0,-0.963335025,5.661284779,7.132771862,0.0,90.7225,6000.0,6000.0,0.363,31.06,93.09,75.8,,80.9,5.59,,9.0,312.2,216.0,248.0,55.76,1.0,1.0,0.0,0.0,0.0,0.0,0.0,0.0,1.0,1.0,5,,,0.36,58.0,303.0,321.0,290.0,,,325.0,,303.0,411.4,1300.0,,47.24,2.4
Sr,38,215.0,279.0,33.7,87.62,1657.0,,,3175.0,3230.0,195.0,195.0,185,157.0,139.0,200.0,2.54,186.0,0.95,0.048,5.695,0.1185082,0.95,5.69485,7.43,0.0,-1.6828136000000002,4.768954732,6.008506453,0.0,54.23,4200.0,3000.0,0.306,26.79,56.08,144.0,,164.0,6.08,2.25e-05,15.0,1042.0,191.0,215.0,33.94,0.0,2.0,0.0,0.0,0.0,0.0,0.0,0.0,0.0,2.0,5,0.28,,0.301,35.0,249.0,284.0,255.0,,,300.0,,249.0,364.1,,,27.6,
Y,39,178.0,274.0,19.8,88.90584,3611.0,589.0,41.0,,2600.0,,190.0,163,130.0,124.0,180.0,4.47,153.0,1.22,0.307,6.631,0.1216986,1.22,6.2173,11.39,0.0,-6.464599775,4.015150874,5.058773104,0.0,32.365,9800.0,2600.0,0.298,26.53,32.97,367.0,945.9,424.7,3.65,1.06e-05,25.0,1795.0,162.0,180.0,19.88,9.0,3.0,9.0,1.0,0.0,0.0,0.0,0.0,0.0,2.0,5,0.24,967.0,0.284,17.0,232.0,275.0,240.0,,,271.0,,,334.5,3300.0,,22.7,64.0
Zr,40,160.0,268.0,14.1,91.22399999999999,4650.0,650.0,,,1360.0,,175.0,154,127.0,121.0,155.0,6.506,121.0,1.33,0.426,7.808,0.12488869999999999,1.33,6.6339,21.0,0.0,-8.545958555,3.593145393,4.527079516000001,0.0,23.195,3400.0,2600.0,0.278,25.36,23.29,567.0,,610.0,3.23,5.7e-06,49.0,2125.0,145.0,160.0,14.02,8.0,4.0,8.0,2.0,0.0,0.0,0.0,0.0,0.0,2.0,5,0.34,,0.281,23.0,223.0,252.0,230.0,,,254.0,,,312.4,3800.0,903.0,17.9,68.0
Nb,41,146.0,251.0,10.8,92.90637,5015.0,736.0,170.0,,1140.0,,164.0,147,125.0,116.0,145.0,8.57,106.0,1.6,0.9174059999999999,8.34,0.1280782,1.6,6.75885,30.0,0.0,-10.09332153,3.312897187,4.173988903,0.0,18.18,8500.0,8800.0,0.265,24.6,18.15,680.0,,733.0,3.3,7.3e-06,53.0,2741.0,134.0,146.0,10.83,7.0,5.0,6.0,4.0,0.0,0.0,0.0,0.0,1.0,1.0,5,0.4,,0.268,54.0,218.0,256.0,215.0,,,243.0,,,316.5,3480.0,1320.0,15.7,105.0
Mo,42,139.0,244.0,9.4,95.95,4885.0,1500.0,230.0,,1030.0,,154.0,138,121.0,113.0,145.0,10.22,72.5,2.16,0.748,8.71,0.1312672,2.16,7.09243,37.48,0.0,-10.84610777,3.154164308,3.973998007,0.0,15.69,2400.0,5300.0,0.251,24.06,15.59,590.0,,658.98,3.15,4.8e-06,56.0,2890.0,130.0,139.0,9.38,6.0,6.0,5.0,5.0,0.0,0.0,0.0,0.0,1.0,1.0,5,0.31,,0.251,139.0,217.0,245.0,210.0,,,239.0,,,305.2,6190.0,1530.0,12.8,329.0
Tc,43,136.0,241.0,8.5,97.90720999999999,5150.0,,,,939.0,,147.0,128,120.0,110.0,135.0,11.5,80.4,1.9,0.55,8.94,0.1344592,2.1,7.28,33.29,0.0,-10.355151199999998,3.057056135,3.851649375,0.0,14.285,,,,,14.22,585.0,,678.0,2.74,,59.0,2445.0,127.0,136.0,8.63,5.0,7.0,5.0,5.0,0.0,0.0,0.0,0.0,0.0,2.0,5,,,0.243,51.0,216.0,244.0,205.0,,,236.0,,,299.8,,,11.4,
Ru,44,134.0,237.0,8.3,101.07,4173.0,2160.0,220.0,,809.0,,146.0,125,114.0,103.0,130.0,12.41,65.0,2.2,1.05,9.1,0.1376494,2.2,7.3605,38.59,0.0,-9.19463357,3.000740558,3.780696194,0.0,13.51,3200.0,8000.0,0.23800000000000002,24.06,14.03,,751.4,650.6,2.7,6.4e-06,62.0,2583.0,125.0,134.0,8.17,4.0,8.0,3.0,7.0,0.0,0.0,0.0,0.0,1.0,1.0,5,0.3,774.0,0.23800000000000002,120.0,213.0,246.0,205.0,,,234.0,,,296.3,5970.0,,9.6,447.0
Rh,45,134.0,233.0,8.3,102.9055,4000.0,1100.0,380.0,,708.0,,142.0,125,110.0,106.0,135.0,12.41,58.0,2.28,1.137,9.259,0.1408379,2.28,7.4589,26.59,0.0,-7.25364552,3.010334727,3.79278409,0.0,13.64,3200.0,8000.0,0.243,24.98,11.58,494.0,745.4,556.0,3.8,8.2e-06,65.0,2239.0,125.0,134.0,8.28,3.0,9.0,2.0,8.0,0.0,0.0,0.0,0.0,1.0,1.0,5,0.26,768.0,0.244,150.0,210.0,244.0,200.0,,,234.0,,,292.9,4700.0,1246.0,8.6,275.0
Pd,46,137.0,215.0,8.9,106.42,3413.0,37.3,180.0,,628.0,,139.0,120,117.0,112.0,140.0,12.02,32.0,2.2,0.562,9.402000000000001,0.1440276,2.2,8.3369,16.74,0.0,-5.13777457,3.0659471110000003,3.8628513030000002,0.0,14.41,3200.0,8000.0,0.244,25.98,14.72,372.4,673.4,376.6,3.89,1.18e-05,69.0,1825.0,128.0,137.0,8.56,0.0,10.0,0.0,10.0,0.0,0.0,0.0,0.0,0.0,0.0,5,0.39,696.0,0.244,72.0,210.0,215.0,205.0,,,237.0,,,289.9,3070.0,461.0,4.8,121.0
Ag,47,144.0,225.0,10.3,107.8682,2485.0,24.5,100.0,,341.0,177.0,145.0,128,139.0,137.0,160.0,10.5,52.5,1.93,1.3019999999999998,11.05,0.1472165,1.93,7.576230000000001,11.3,0.0,-2.76539356,3.1964805060000003,4.027313073999999,0.0,16.33,1200.0,1400.0,0.235,25.35,17.05,254.1,,284.9,4.09,1.89e-05,71.0,1235.1,134.0,144.0,10.27,1.0,11.0,0.0,10.0,0.0,0.0,0.0,0.0,1.0,1.0,5,0.37,,0.237,430.0,211.0,253.0,210.0,,,243.0,,,314.8,2600.0,251.0,6.78,83.0
Cd,48,154.0,238.0,13.1,112.414,1038.0,203.0,42.0,,405.0,160.0,144.0,136,144.0,,155.0,8.65,49.65,1.69,,8.995,0.1504066,1.69,8.99382,6.21,0.0,-0.812174225,3.3909215710000002,4.272293466,0.0,19.495,1700.0,1300.0,0.231,26.02,21.59,59.1,,111.8,2.98,3.0799999999999996e-05,75.0,594.1,138.0,151.0,13.0,0.0,12.0,0.0,10.0,0.0,0.0,0.0,0.0,0.0,2.0,5,0.3,,0.23199999999999998,97.0,218.0,249.0,220.0,,,250.0,,,284.8,2310.0,,7.36,50.0
In,49,166.0,246.0,15.7,114.818,2353.0,8.83,,779.0,643.0,,142.0,142,136.0,146.0,155.0,7.31,68.7,1.78,0.3,9.793,0.16423,1.78,5.78636,3.2910000000000004,0.0,-2.66680196,3.647317727,4.595332378999999,0.0,24.26,3300.0,2000.0,0.233,26.74,26.14,225.1,,243.0,4.59,3.21e-05,79.0,429.32,142.0,158.0,15.76,5.0,13.0,0.0,10.0,0.0,0.0,5.0,1.0,0.0,2.0,5,,,0.23399999999999999,82.0,193.0,243.0,220.0,193.0,459.0,264.0,,,446.3,1215.0,,10.2,11.0
Sn,50,162.0,248.0,16.3,118.71,2543.0,51.0,58.0,659.0,715.0,140.0,139.0,140,130.0,132.0,145.0,7.31,42.4,1.96,1.112067,10.79,0.178052,1.96,7.34392,7.15,0.0,-3.96104709,4.052840562,5.106259136,0.0,33.285,2600.0,1600.0,0.22699999999999998,26.99,27.05,296.0,,301.2,5.82,2.2e-05,83.0,505.1,142.0,163.0,16.29,4.0,14.0,0.0,10.0,0.0,0.0,4.0,2.0,0.0,2.0,5,0.36,,0.222,67.0,217.0,242.0,225.0,217.0,447.0,259.0,,,439.2,2500.0,,6.28,50.0
Sb,51,159.0,246.0,18.4,121.76,1908.0,294.0,42.0,492.0,504.0,140.0,139.0,140,133.0,127.0,145.0,6.691,42.2,2.05,1.046,11.74,0.19187739999999998,2.05,8.60839,19.79,0.0,-4.11736234,3.981581991,5.016478962,0.0,31.56,7900.0,3400.0,0.207,25.23,30.21,195.2,,264.4,4.51,1.1e-05,88.0,903.9,139.0,166.0,18.19,3.0,15.0,0.0,10.0,0.0,0.0,3.0,3.0,0.0,2.0,5,,,0.205,24.0,206.0,247.0,220.0,,435.0,252.0,,206.0,442.0,3420.0,,6.6,55.0
Te,52,160.0,242.0,20.5,127.6,1263.0,180.0,65.0,445.0,471.0,133.0,138.0,136,128.0,121.0,140.0,6.24,37.0,2.1,1.9708759999999999,12.76,0.20569920000000003,2.1,9.0096,17.38,0.46399999999999997,-3.141302507,4.111975037,5.180763906,0.0,34.76333333,2900.0,4900.0,0.20199999999999999,25.73,33.94,49.8,,196.6,4.45,,92.0,722.7,137.0,160.0,20.46,2.0,16.0,0.0,10.0,0.0,0.0,2.0,4.0,0.0,2.0,5,,,0.201,3.0,206.0,199.0,210.0,206.0,423.0,244.0,,,447.0,2610.0,,5.5,43.0
I,53,,238.0,25.7,126.90446999999999,457.5,,7.7,385.0,389.0,140.0,139.0,133,129.0,125.0,140.0,4.93,34.6,2.66,3.0590368,13.95,0.21951759999999998,2.66,10.451260000000001,7.76,1.062,-1.505402418,4.414518159,5.5619443539999995,0.0,43.015,4900.0,4800.0,0.214,54.43,42.51,41.95,583.5,106.757,7.72,,97.0,386.7,,139.0,25.72,1.0,17.0,0.0,10.0,0.0,0.0,1.0,5.0,0.0,2.0,5,,608.2,,0.449,198.0,204.0,210.0,198.0,415.0,236.0,,,450.0,,,5.35,
Xe,54,,232.0,42.9,131.293,166.1,,,,302.0,,140.0,131,135.0,122.0,,3.52,27.815,2.6,-0.055999999999999994,15.27,0.2333511,2.6,12.12984,2.27,6.456,0.04873128,4.751892136,5.987008929,0.0,53.65,,,0.158,20.785999999999998,57.83,12.65,478.1,,6.2,,5.0,161.3,,,35.92,0.0,18.0,0.0,10.0,0.0,0.0,0.0,6.0,0.0,2.0,5,,499.6,0.158,0.00565,216.0,228.0,,216.0,,228.0,,,440.4,1090.0,,4.044,
Cs,55,267.0,249.0,70.0,132.905452,951.6,0.14,1.6,,6660.0,237.0,244.0,232,209.0,,260.0,1.8730000000000002,401.0,0.79,0.47162600000000005,3.898,0.1542125,0.79,3.893905,2.09,0.0,-0.85462646,6.140481453,7.736521839,0.0,115.765,6000.0,6000.0,0.242,32.21,67.55,68.3,,76.5,6.05,,8.0,301.6,235.0,267.0,70.94,1.0,1.0,0.0,0.0,0.0,0.0,0.0,0.0,1.0,1.0,6,,,0.24100000000000002,36.0,343.0,348.0,300.0,,,344.0,,343.0,451.7,,,59.42,1.7
Ba,56,222.0,293.0,39.0,137.327,1910.0,,9.6,,5540.0,210.0,215.0,196,161.0,149.0,215.0,3.5,268.0,0.89,0.14462,5.211,0.1586786,0.89,5.211664,7.12,0.0,-1.92352226,5.028899311,6.336016099999999,0.0,63.59,3000.0,2300.0,0.204,28.07,62.88,142.0,,179.1,5.02,2.0600000000000003e-05,14.0,1002.0,198.0,222.0,38.16,0.0,2.0,0.0,0.0,0.0,0.0,0.0,0.0,0.0,2.0,6,,,0.192,18.0,268.0,303.0,270.0,,,307.0,,268.0,370.3,1620.0,,39.7,13.0
La,57,187.0,284.0,22.5,138.90547,3730.0,363.0,28.0,,3730.0,,207.0,180,139.0,139.0,195.0,6.15,210.0,1.1,0.47,,0.163142,1.1,5.5769,6.2,0.0,-4.927546185,4.194456026,5.28468344,0.0,36.8975,9500.0,3100.0,0.195,27.11,37.42,402.0,991.9,431.0,3.75,1.21e-05,33.0,1194.0,169.0,187.0,22.39,9.0,3.0,9.0,1.0,0.0,0.0,0.0,0.0,0.0,2.0,6,0.28,1013.0,0.19699999999999998,13.0,243.0,298.0,250.0,,,278.0,,,352.2,2475.0,491.0,31.1,37.0
Ce,58,181.0,282.0,21.0,140.116,3699.0,412.0,22.0,,3480.0,,204.0,163,137.0,131.0,185.0,6.757000000000001,200.0,1.12,0.65,,0.16760999999999998,1.12,5.5387,5.46,0.0,-4.77656965,4.207394381,5.300984746,0.0,37.24,9500.0,3100.0,0.192,26.94,34.47,398.0,,420.1,5.16,6.3e-06,32.0,1072.0,,,20.69,22.0,4.0,9.0,1.0,13.0,1.0,0.0,0.0,0.0,2.0,6,0.24,,0.205,11.0,242.0,288.0,,,,274.0,,,355.6,2100.0,270.0,29.6,34.0
Pr,59,182.0,286.0,20.8,140.90766000000002,3785.0,481.0,29.0,,3760.0,,203.0,176,138.0,128.0,185.0,6.773,190.0,1.13,0.9620000000000001,,0.17207999999999998,1.13,5.473,6.89,0.0,-4.77382996,4.14761076,5.225662103,0.0,35.675,9500.0,3100.0,0.193,27.2,34.5,331.0,,356.9,3.67,6.7e-06,31.0,1204.0,,,20.8,11.0,5.0,0.0,0.0,11.0,3.0,0.0,0.0,0.0,2.0,6,0.28,,0.192,13.0,240.0,292.0,,,,273.0,,,360.6,2280.0,400.0,28.2,37.0
Nd,60,182.0,284.0,20.6,144.24200000000002,3341.0,265.0,32.0,,3560.0,,201.0,174,137.0,,185.0,7.007000000000001,212.0,1.14,1.916,,0.176539,1.14,5.525,7.14,0.0,-4.76235134,4.1138142,5.183081107,0.0,34.81,9500.0,3100.0,0.19,27.45,34.2,289.0,,326.9,3.66,9.6e-06,30.0,1294.0,,,20.59,10.0,6.0,0.0,0.0,10.0,4.0,0.0,0.0,0.0,2.0,6,0.28,,0.205,17.0,239.0,295.0,,,,273.0,,,357.5,2330.0,343.0,31.4,41.0
Pm,61,,283.0,,144.91276000000002,3000.0,,33.0,,3340.0,,199.0,173,135.0,,185.0,7.2,212.0,1.13,,,0.1810032,,5.582000000000001,,0.0,-4.744621343,4.075342789,5.134610166,0.0,33.8425,9500.0,3100.0,,,33.67,,,,,1.1e-05,29.0,1441.0,,,20.23,9.0,7.0,0.0,0.0,9.0,5.0,0.0,0.0,0.0,2.0,6,0.28,,0.185,15.0,238.0,,,,,272.0,,,354.7,,,30.1,46.0
Sm,62,181.0,280.0,19.9,150.36,2064.0,441.0,38.0,,3130.0,,198.0,172,134.0,,185.0,7.52,194.0,1.17,,,0.185468,1.17,5.6437,8.62,0.0,-4.713379635,4.050607032,5.103445064,0.0,33.23,9500.0,3100.0,0.196,29.54,33.14,165.0,,206.7,9.0,1.27e-05,28.0,1350.0,,,19.98,8.0,8.0,0.0,0.0,8.0,6.0,0.0,0.0,0.0,2.0,6,0.27,,0.18,13.0,236.0,290.0,,,,271.0,,,352.0,2130.0,412.0,28.8,50.0
Eu,63,199.0,280.0,28.9,151.964,1870.0,,8.3,,2940.0,,198.0,168,134.0,,185.0,5.242999999999999,187.0,1.19,0.8640000000000001,,0.189935,,5.670380000000001,9.21,0.0,-1.82958684,4.177811939,5.263713205,0.0,36.46,9500.0,3100.0,0.182,27.66,48.53,176.0,,177.4,4.61,3.5e-05,18.0,1095.0,,,28.97,7.0,9.0,0.0,0.0,7.0,7.0,0.0,0.0,0.0,2.0,6,0.15,,0.17600000000000002,14.0,235.0,287.0,,,,294.0,,,349.3,,167.0,27.7,18.0
Gd,64,179.0,277.0,19.9,157.25,3539.0,,38.0,,2340.0,,196.0,169,135.0,132.0,180.0,7.9,159.0,1.21,,,0.1944,1.2,6.1498,9.67,0.0,-4.65442131,4.002082249,5.0423076689999995,0.0,32.05,9500.0,3100.0,0.235,37.03,32.98,398.0,,397.5,3.64,9.4e-06,27.0,1586.0,,,19.9,16.0,10.0,9.0,1.0,7.0,7.0,0.0,0.0,0.0,2.0,6,0.26,,0.23,11.0,234.0,283.0,,,,271.0,,,336.8,2680.0,570.0,23.5,55.0
Tb,65,180.0,276.0,19.2,158.92535,3296.0,677.0,38.7,,2590.0,,194.0,168,135.0,,175.0,8.229,172.0,1.13,1.165,,0.198863,,5.8638,10.15,0.0,-4.629217697,3.988997542,5.025821971,0.0,31.73666667,9500.0,3100.0,0.182,28.91,31.95,389.0,,388.7,3.6,1.0300000000000001e-05,26.0,1629.0,,,19.3,5.0,11.0,0.0,0.0,5.0,9.0,0.0,0.0,0.0,2.0,6,0.26,,0.183,11.0,233.0,279.0,,,,270.0,,,345.1,2620.0,863.0,25.5,56.0
Dy,66,180.0,275.0,19.0,162.5,2835.0,500.0,41.0,,2430.0,,192.0,167,133.0,,175.0,8.55,165.0,1.22,0.35200000000000004,,0.20332999999999998,1.22,5.9389,11.35,0.0,-4.601554453,3.9680792780000003,4.99946661,0.0,31.24,9500.0,3100.0,0.17300000000000001,28.16,31.6,291.0,,290.4,3.59,9.9e-06,24.0,1685.0,,,19.01,4.0,12.0,0.0,0.0,4.0,10.0,0.0,0.0,0.0,2.0,6,0.25,,0.17300000000000001,11.0,231.0,287.0,,,,290.0,,,342.8,2710.0,540.0,24.5,61.0
Ho,67,179.0,273.0,18.7,164.93033,2968.0,746.0,40.0,,2280.0,,192.0,166,133.0,,175.0,8.795,159.0,1.23,,,0.20779499999999998,1.23,6.0215,11.76,0.0,-4.577416877,3.9465101189999996,4.972291172,0.0,30.73333333,9500.0,3100.0,0.165,27.15,31.11,301.0,,300.6,3.58,1.12e-05,23.0,1747.0,,,18.74,3.0,13.0,0.0,0.0,3.0,11.0,0.0,0.0,0.0,2.0,6,0.23,,0.16399999999999998,16.0,230.0,281.0,,,,267.0,,,340.9,2760.0,481.0,23.6,65.0
Er,68,178.0,272.0,18.4,167.25900000000001,3136.0,814.0,44.0,,2150.0,,189.0,165,133.0,,175.0,9.06,153.0,1.24,,,0.212261,1.24,6.1077,19.9,0.0,-4.563633745,3.940150647,4.964278739,0.0,30.585,9500.0,3100.0,0.168,28.12,30.67,317.0,,316.4,3.56,1.22e-05,22.0,1802.0,,,18.46,2.0,14.0,0.0,0.0,2.0,12.0,0.0,0.0,0.0,2.0,6,0.24,,0.168,15.0,229.0,283.0,,,,267.0,,,339.1,2830.0,589.0,22.7,70.0
Tm,69,177.0,271.0,18.1,168.93421999999998,2220.0,471.0,45.0,,2020.0,,190.0,164,131.0,,175.0,9.321,147.0,1.25,1.0290000000000001,,0.2167244,1.25,6.18431,16.84,0.0,-4.47387849,3.905274476,4.920337518,0.0,29.78,9500.0,3100.0,0.16,27.03,30.14,232.0,,232.2,3.54,1.3300000000000001e-05,21.0,1818.0,,,19.1,1.0,15.0,0.0,0.0,1.0,13.0,0.0,0.0,0.0,2.0,6,0.21,,0.16,17.0,227.0,279.0,,,,267.0,,,337.4,,520.0,21.8,74.0
Yb,70,194.0,277.0,24.8,173.045,1466.0,343.0,31.0,,1910.0,,187.0,170,129.0,,175.0,6.9654,140.7,1.26,-0.02,,0.22119,,6.25416,7.66,0.0,-1.47410408,4.0864514110000005,5.148606152,0.0,34.12,9500.0,3100.0,0.155,26.74,41.17,159.0,,155.6,5.49,2.6300000000000002e-05,17.0,1097.0,,,24.84,0.0,16.0,0.0,0.0,0.0,14.0,0.0,0.0,0.0,2.0,6,0.21,,0.145,39.0,226.0,280.0,,,,279.0,,,335.5,1590.0,206.0,20.9,24.0
Lu,71,175.0,270.0,17.8,174.9668,3668.0,893.0,48.0,,2020.0,,187.0,162,131.0,131.0,175.0,9.8404,148.0,1.27,0.34,6.455,0.22565,1.0,5.42586,18.65,0.0,-4.52300002,3.8648607630000003,4.869419431,0.0022471,28.865,9500.0,3100.0,0.154,26.86,29.52,414.0,970.6,427.6,3.51,9.9e-06,20.0,1936.0,,,17.78,9.0,17.0,9.0,1.0,0.0,14.0,0.0,0.0,0.0,2.0,6,0.26,992.0,0.155,16.0,224.0,274.0,,,,265.0,,,364.0,,1160.0,21.9,69.0
Hf,72,167.0,264.0,13.6,178.49,5470.0,1700.0,110.0,,1040.0,,175.0,152,128.0,122.0,155.0,13.31,109.0,1.3,0.013999999999999999,6.83,0.229987,1.3,6.825069999999999,27.2,0.0,-9.954299335,3.541014105,4.4613982089999995,0.0,22.2,3400.0,2600.0,0.14400000000000002,25.73,22.42,575.0,,618.4,3.2,5.9e-06,50.0,2503.0,144.0,159.0,13.44,8.0,18.0,8.0,2.0,0.0,14.0,0.0,0.0,0.0,2.0,6,0.37,,0.146,23.0,223.0,263.0,225.0,,,253.0,,,314.1,3010.0,1760.0,16.2,78.0
Ta,73,149.0,258.0,10.9,180.94788,5698.0,800.0,200.0,,887.0,,170.0,146,126.0,119.0,145.0,16.654,88.0,1.5,0.322,7.93,0.23458099999999998,1.5,7.54957,36.57,0.0,-11.85139954,3.309248619,4.169391995,0.0,18.12,2300.0,4800.0,0.14,25.36,17.65,758.0,,782.0,3.31,6.3e-06,52.0,3269.0,134.0,146.0,10.85,7.0,19.0,7.0,3.0,0.0,14.0,0.0,0.0,0.0,2.0,6,0.34,,0.14,57.0,222.0,253.0,220.0,,,243.0,,,317.0,3400.0,873.0,13.1,186.0
W,74,141.0,253.0,9.53,183.84,5930.0,2570.0,310.0,,757.0,,162.0,137,120.0,115.0,135.0,19.3,75.0,2.36,0.81626,8.67,0.2390504,1.7,7.8640300000000005,52.31,0.0,-12.95880062,3.1781057510000004,4.004162334,0.0,16.05,7000.0,4300.0,0.132,24.27,15.85,824.0,,851.0,3.16,4.5e-06,55.0,3680.0,130.0,139.0,9.47,6.0,20.0,6.0,4.0,0.0,14.0,0.0,0.0,0.0,2.0,6,0.28,,0.133,170.0,218.0,257.0,210.0,,,239.0,,,309.6,5174.0,3430.0,11.1,411.0
Re,75,137.0,249.0,8.85,186.207,5900.0,1320.0,370.0,,663.0,,151.0,131,119.0,110.0,135.0,21.02,65.0,1.9,0.15,9.46,0.24351639999999997,1.9,7.83352,34.08,0.0,-12.41702777,3.083225384,3.884620563,0.0,14.655,3300.0,3300.0,0.13699999999999998,25.48,14.71,704.0,,774.0,2.76,6.2e-06,58.0,3453.0,128.0,137.0,8.86,5.0,21.0,5.0,5.0,0.0,14.0,0.0,0.0,0.0,2.0,6,0.3,,0.138,48.0,216.0,249.0,205.0,,,237.0,,,295.4,4700.0,2450.0,9.7,463.0
Os,76,135.0,244.0,8.43,190.23,5300.0,3920.0,,,584.0,,144.0,129,116.0,109.0,130.0,22.57,57.0,2.2,1.1,9.78,0.24798449999999997,2.2,8.43823,57.85,0.0,-11.22070399,3.0430820539999996,3.834043137,0.0,14.09,5500.0,9100.0,0.13,24.7,13.8,738.0,,787.0,2.74,5.1e-06,63.0,3327.0,126.0,135.0,8.42,4.0,22.0,4.0,6.0,0.0,14.0,0.0,0.0,0.0,2.0,6,0.25,,0.131,88.0,216.0,248.0,200.0,,,235.0,,,312.0,4940.0,,8.5,
Ir,77,136.0,233.0,8.54,192.217,4403.0,1670.0,320.0,,522.0,,141.0,122,115.0,107.0,135.0,22.42,51.0,2.2,1.5638,9.96,0.25106,2.2,8.96702,41.12,0.0,-8.84851145,3.051696628,3.84489682,0.0,14.21,5500.0,9100.0,0.131,25.1,13.88,604.0,,669.0,3.84,6.4e-06,66.0,2683.0,127.0,136.0,8.52,3.0,23.0,3.0,7.0,0.0,14.0,0.0,0.0,0.0,2.0,6,0.26,,0.133,150.0,213.0,241.0,200.0,,,236.0,,,284.0,4825.0,1760.0,7.6,528.0
Pt,78,139.0,230.0,9.1,195.084,4100.0,392.0,230.0,,470.0,,136.0,123,112.0,110.0,135.0,21.45,44.0,2.28,2.128,10.16,0.25690999999999997,2.2,8.9588,22.175,0.0,-6.02850968,3.108612885,3.91660681,0.0,15.02,5500.0,9100.0,0.133,25.86,15.1,470.0,,565.7,3.92,8.8e-06,68.0,2045.0,130.0,139.0,9.09,2.0,24.0,1.0,9.0,0.0,14.0,0.0,0.0,1.0,1.0,6,0.38,,0.133,72.0,213.0,229.0,205.0,,,239.0,,,275.4,2680.0,549.0,6.5,168.0
Au,79,146.0,226.0,10.2,196.966569,3080.0,2450.0,220.0,,427.0,,136.0,124,121.0,123.0,135.0,19.3,36.1,2.54,2.30863,11.33,0.26137,2.4,9.225530000000001,12.55,0.0,-3.20969261,3.2204420519999997,4.0575027310000005,0.0,16.7,1100.0,1000.0,0.129,25.418000000000003,16.96,340.0,,368.2,4.08,1.42e-05,70.0,1337.58,134.0,144.0,10.21,1.0,25.0,0.0,10.0,0.0,14.0,0.0,0.0,1.0,1.0,6,0.44,,0.129,320.0,214.0,232.0,210.0,,,243.0,,,329.3,1740.0,216.0,5.8,78.0
Hg,80,157.0,229.0,14.8,200.592,629.73,,25.0,,268.0,,132.0,133,142.0,,150.0,13.546,33.91,2.0,,10.44,0.16899999999999998,1.9,10.4375,2.295,0.0,-0.250105562,3.695665057,4.656246199,0.0,25.23758621,5500.0,3100.0,0.14,27.983,23.82,58.5,,61.38,2.99,,74.0,234.28,139.0,151.0,14.09,0.0,26.0,0.0,10.0,0.0,14.0,0.0,0.0,0.0,2.0,6,,,0.138,8.3,223.0,245.0,205.0,,,253.0,,,270.5,1407.0,,5.02,
Tl,81,171.0,242.0,17.2,204.38,1730.0,26.4,43.0,,509.0,190.0,145.0,144,142.0,150.0,190.0,11.85,51.7,1.62,0.377,,0.173447,1.8,6.108194,4.1419999999999995,0.0,-2.27267753,3.775558738,4.756905929,0.0,26.91,6500.0,6500.0,0.129,26.32,28.53,162.4,,182.2,3.46,2.99e-05,78.0,576.6,144.0,160.0,17.22,5.0,27.0,0.0,10.0,0.0,14.0,5.0,1.0,0.0,2.0,6,0.45,,0.128,46.0,196.0,247.0,220.0,196.0,,259.0,,,434.7,818.0,,7.6,8.0
Pb,82,175.0,249.0,18.3,207.2,2013.0,38.3,46.0,,534.0,,146.0,144,135.0,137.0,,11.35,47.1,2.33,0.35674316,10.97,0.17791099999999999,1.8,7.4166300000000005,4.774,0.0,-3.62902961,3.830865877,4.826588558,0.0,28.11,2700.0,1800.0,0.13,24.7,30.32,177.8,,195.2,4.95,2.8899999999999998e-05,82.0,600.65,150.0,170.0,18.26,4.0,28.0,0.0,10.0,0.0,14.0,4.0,2.0,0.0,2.0,6,0.44,,0.159,35.0,202.0,260.0,230.0,202.0,,274.0,,,429.7,1260.0,,6.98,16.0
Bi,83,170.0,250.0,21.3,208.9804,1883.0,94.2,31.0,,513.0,148.0,148.0,151,141.0,135.0,160.0,9.747,50.0,2.02,0.942362,11.9,0.182377,1.9,7.2855,11.106,0.0,-3.9736943999999994,4.039197959,5.089070533,0.0,32.95,5300.0,6000.0,0.122,25.52,35.38,172.0,,209.6,4.75,1.34e-05,87.0,544.5,151.0,178.0,21.31,3.0,29.0,0.0,10.0,0.0,14.0,3.0,3.0,0.0,2.0,6,0.33,,0.124,8.0,207.0,254.0,230.0,,,266.0,,207.0,437.0,1790.0,,7.4,32.0
Po,84,176.0,250.0,22.7,209.0,1235.0,,,,424.0,,140.0,145,135.0,129.0,190.0,9.32,46.0,2.0,1.9,13.0,0.186842,2.0,8.414,10.0,0.0,-4.039348349,4.2628217180000005,5.370818814,0.0,38.73125,,,,,37.38,102.9,,,3.35,,91.0,527.0,,,22.97,2.0,30.0,0.0,10.0,0.0,14.0,2.0,4.0,0.0,2.0,6,,,0.125,20.0,197.0,,,,,259.0,,197.0,470.9,,,6.8,
At,85,,247.0,,210.0,610.0,,,,351.0,,150.0,147,138.0,138.0,,,43.0,2.22,2.8,14.1,0.19130999999999998,2.2,,,0.0,-4.039348349,4.2628217180000005,5.370818814,0.0,38.73125,,,,,39.49,,,,,,96.0,575.0,,,,1.0,31.0,0.0,10.0,0.0,14.0,1.0,5.0,0.0,2.0,6,,,,2.0,202.0,,,,,251.0,,202.0,475.0,,,6.0,
Rn,86,,243.0,,222.0,211.4,,,,408.0,,150.0,142,145.0,133.0,,4.4,33.18,2.43,,15.4,0.195772,,10.7485,,0.0,-4.039348349,4.2628217180000005,5.370818814,0.0,38.73125,,,0.094,20.785999999999998,41.71,18.1,,,,,6.0,202.0,,,50.5,0.0,32.0,0.0,10.0,0.0,14.0,0.0,6.0,0.0,2.0,6,,,0.094,0.00361,220.0,240.0,,,,243.0,,220.0,476.5,,,5.3,
Fr,87,,258.0,,223.0,950.0,,,,,,260.0,223,218.0,,,,311.5,0.71,0.486,,0.08731,0.7,4.072741000000001,,0.0,-4.039348349,4.2628217180000005,5.370818814,0.0,38.73125,,,,,79.69,,,,,,7.0,300.0,,,,1.0,1.0,0.0,0.0,0.0,0.0,0.0,0.0,1.0,1.0,7,,,,,348.0,,,,,364.0,,348.0,490.0,,,48.6,
Ra,88,,292.0,45.0,226.0,1413.0,,,,,,221.0,201,173.0,159.0,215.0,5.5,242.8,0.92,0.1,,0.09788999999999999,0.9,5.278423,7.7,0.0,-4.039348349,4.2628217180000005,5.370818814,0.0,38.73125,,,,,68.22,113.0,,159.0,,,13.0,973.0,,,41.09,0.0,2.0,0.0,0.0,0.0,0.0,0.0,0.0,0.0,2.0,7,,,0.12,19.0,283.0,,,,,327.0,,283.0,367.7,,,38.3,
Ac,89,188.0,293.0,22.54,227.0,3470.0,,,,,,215.0,186,153.0,140.0,195.0,,217.0,1.09,0.35,,0.10032999999999999,1.1,5.17,12.0,0.0,-4.1050022980000005,4.465163104,5.625752986,0.0,44.5125,,,0.12,27.2,37.45,292.9,,406.0,5.31,,48.0,1320.0,,,22.55,9.0,3.0,9.0,1.0,0.0,0.0,0.0,0.0,0.0,2.0,7,,,,12.0,247.0,280.0,,,,308.0,,,347.8,,,32.1,
Th,90,180.0,289.0,19.8,232.0377,5060.0,400.0,54.0,,,,206.0,175,143.0,136.0,180.0,11.78,217.0,1.32,,,0.10277,1.3,6.3067,13.81,0.0,-7.41254306,4.015357627,5.059033597,0.0,32.37,,,0.11800000000000001,27.32,32.86,513.7,,602.0,5.08,1.1e-05,47.0,2028.0,,,19.8,8.0,4.0,8.0,2.0,0.0,0.0,0.0,0.0,0.0,2.0,7,0.27,,0.113,54.0,245.0,293.0,240.0,,,274.0,,,339.6,2490.0,350.0,32.1,79.0
Pa,91,161.0,285.0,15.0,231.03588,4300.0,,,,,,200.0,169,138.0,129.0,180.0,15.37,171.0,1.54,,,0.12149000000000001,1.5,5.89,12.34,0.0,-9.49741247,3.692852039,4.652702018,0.0,25.18,,,,,24.94,481.2,,563.0,3.92,,46.0,2113.0,,,15.18,21.0,5.0,9.0,1.0,12.0,2.0,0.0,0.0,0.0,2.0,7,,,0.121,47.0,243.0,288.0,,,,264.0,,,342.4,,,25.4,
U,92,138.0,283.0,12.5,238.02891,4018.0,2400.0,100.0,,,,196.0,170,134.0,118.0,175.0,19.05,137.0,1.38,,,0.13207,1.7,6.1941,9.14,0.0,-11.29233996,3.42137628,4.310663995,0.0,20.025,,,0.11599999999999999,27.665,21.18,417.0,973.2,533.0,2.85,1.39e-05,45.0,1405.5,,,12.49,20.0,6.0,9.0,1.0,11.0,3.0,0.0,0.0,0.0,2.0,7,0.23,995.2,0.115,27.0,241.0,271.0,230.0,,,252.0,,,339.5,3155.0,1960.0,24.9,208.0
Np,93,130.0,280.0,21.1,237.0,4175.0,,,,,,190.0,171,136.0,116.0,175.0,20.25,167.0,1.36,,,0.14265,1.3,6.2657,3.2,0.0,-12.94031436,3.329442683,4.194834921,0.0,18.45375,,,,,19.22,336.0,,464.8,4.72,,44.0,913.0,,,11.59,19.0,7.0,9.0,1.0,10.0,4.0,0.0,0.0,0.0,2.0,7,,,,6.0,239.0,282.0,,,,252.0,,,342.4,,,24.8,
Pu,94,151.0,278.0,,244.0,3505.0,,,,,,187.0,172,135.0,,175.0,19.84,165.0,1.28,,,0.16137,1.3,6.026,2.824,0.0,-14.32663431,3.306811764,4.166321749,0.31800363800000003,18.08,,,,,20.04,343.5,,345.0,,,43.0,914.0,,,12.29,8.0,8.0,0.0,0.0,8.0,6.0,0.0,0.0,0.0,2.0,7,0.21,,,6.0,243.0,281.0,,,,252.0,,,342.4,2260.0,,24.5,96.0
Am,95,173.0,276.0,20.8,243.0,2880.0,,,,,,180.0,166,135.0,,175.0,13.67,157.0,1.13,,,0.17194,,5.9738,14.39,0.0,-14.32663431,3.306811764,4.166321749,0.31800363800000003,18.08,,,,,29.27,238.5,,284.0,,,42.0,1267.0,,,17.63,7.0,9.0,0.0,0.0,7.0,7.0,0.0,0.0,0.0,2.0,7,,,,10.0,244.0,283.0,,,,,,,338.1,,,23.3,
Cm,96,299.0,276.0,18.28,247.0,,,,,,,169.0,166,136.0,,,13.51,155.0,1.28,,,0.17439000000000002,,5.9914,14.64,0.0,-14.32663431,3.306811764,4.166321749,0.31800363800000003,18.08,,,,,21.04,,,386.0,,,41.0,1340.0,,,18.05,16.0,10.0,9.0,1.0,7.0,7.0,0.0,0.0,0.0,2.0,7,,,,8.8,245.0,305.0,,,,,,,332.6,,,23.0,
Bk,97,297.0,,,247.0,,,,,,,,168,139.0,,,13.25,153.0,1.35,,,0.19315,,6.1979,,0.0,-14.32663431,3.306811764,4.166321749,0.31800363800000003,18.08,,,,,31.2,,,310.0,,,40.0,,,,16.84,5.0,11.0,0.0,0.0,5.0,9.0,0.0,0.0,0.0,2.0,7,,,,10.0,244.0,340.0,,,,,,,333.9,,,22.7,
Cf,98,295.0,,,251.0,,,,,,,,168,140.0,,,15.1,138.0,1.29,,,0.20369,,6.2817,,0.0,-14.32663431,3.306811764,4.166321749,0.31800363800000003,18.08,,,,,27.31,,,196.0,,,39.0,900.0,,,16.5,4.0,12.0,0.0,0.0,4.0,10.0,0.0,0.0,0.0,2.0,7,,,,,245.0,305.0,,,,,,,331.3,,,20.5,
Es,99,292.0,,,252.0,1130.0,,,,,,,165,140.0,,,,133.0,1.31,,,0.21427,,6.42,9.41,0.0,-14.32663431,3.306811764,4.166321749,0.31800363800000003,18.08,,,,,27.31,,,133.0,,,38.0,,,,28.52,3.0,13.0,0.0,0.0,3.0,11.0,0.0,0.0,0.0,2.0,7,,,,,245.0,270.0,,,,,,,329.9,,,19.7,
Fm,100,290.0,,,257.0,,,,,,,,167,,,,,161.0,1.34,,,0.22485,,6.5,,0.0,-14.32663431,3.306811764,4.166321749,0.31800363800000003,18.08,,,,,27.31,,,,,,37.0,1800.0,,,,2.0,14.0,0.0,0.0,2.0,12.0,0.0,0.0,0.0,2.0,7,,,,,245.0,,,,,,,,328.6,,,23.8,
Md,101,287.0,,,258.0,,,,,,,,173,139.0,,,,123.0,1.33,,,0.23542,,6.58,,0.0,-14.32663431,3.306811764,4.166321749,0.31800363800000003,18.08,,,,,27.31,,,,,,36.0,1100.0,,,,1.0,15.0,0.0,0.0,1.0,13.0,0.0,0.0,0.0,2.0,7,,,,,246.0,,,,,,,,327.4,,,18.2,
No,102,285.0,,,259.0,,,,,,,,176,,,,,110.8,1.36,,,0.24600000000000002,,6.65,,0.0,-14.32663431,3.306811764,4.166321749,0.31800363800000003,18.08,,,,,27.31,,,,,,35.0,1100.0,,,,0.0,16.0,0.0,0.0,0.0,14.0,0.0,0.0,0.0,2.0,7,,,,,246.0,,,,,,,,324.8,,,16.4,
Lr,103,282.0,,,262.0,,,,,,,,161,141.0,,,,,1.34,,,0.24844000000000002,,4.9,,0.0,-14.32663431,3.306811764,4.166321749,0.31800363800000003,18.08,,,,,27.31,,,,,,34.0,,,,,5.0,17.0,0.0,0.0,0.0,14.0,5.0,1.0,0.0,2.0,7,,,,,246.0,,,,,,,,323.6,,,,
Rf,104,,,,267.0,,,,,,,,157,140.0,131.0,,,,,,,,,6.0,,0.0,-14.32663431,3.306811764,4.166321749,0.31800363800000003,18.08,,,,,27.31,,,,,,,,,,,8.0,18.0,8.0,2.0,0.0,14.0,0.0,0.0,0.0,2.0,7,,,,,,,,,,,,,,,,,
Db,105,,,,268.0,,,,,,,,149,136.0,126.0,,,,,,,,,,,0.0,-14.32663431,3.306811764,4.166321749,0.31800363800000003,18.08,,,,,27.31,,,,,,,,,,,7.0,19.0,7.0,3.0,0.0,14.0,0.0,0.0,0.0,2.0,7,,,,,,,,,,,,,,,,,
Sg,106,,,,271.0,,,,,,,,143,128.0,121.0,,,,,,,,,,,0.0,-14.32663431,3.306811764,4.166321749,0.31800363800000003,18.08,,,,,27.31,,,,,,,,,,,6.0,20.0,6.0,4.0,0.0,14.0,0.0,0.0,0.0,2.0,7,,,,,,,,,,,,,,,,,
Bh,107,,,,274.0,,,,,,,,141,128.0,119.0,,,,,,,,,,,0.0,-14.32663431,3.306811764,4.166321749,0.31800363800000003,18.08,,,,,27.31,,,,,,,,,,,5.0,21.0,5.0,5.0,0.0,14.0,0.0,0.0,0.0,2.0,7,,,,,,,,,,,,,,,,,
Hs,108,,,,269.0,,,,,,,,134,125.0,118.0,,,,,,,,,,,0.0,-14.32663431,3.306811764,4.166321749,0.31800363800000003,18.08,,,,,27.31,,,,,,,,,,,4.0,22.0,4.0,6.0,0.0,14.0,0.0,0.0,0.0,2.0,7,,,,,,,,,,,,,,,,,
Mt,109,,,,276.0,,,,,,,,129,125.0,113.0,,,,,,,,,,,0.0,-14.32663431,3.306811764,4.166321749,0.31800363800000003,18.08,,,,,27.31,,,,,,,,,,,3.0,23.0,3.0,7.0,0.0,14.0,0.0,0.0,0.0,2.0,7,,,,,,,,,,,,,,,,,
Ds,110,,,,281.0,,,,,,,,128,116.0,118.0,,,,,,,,,,,0.0,-14.32663431,3.306811764,4.166321749,0.31800363800000003,18.08,,,,,27.31,,,,,,,,,,,2.0,24.0,1.0,9.0,0.0,14.0,0.0,0.0,1.0,1.0,7,,,,,,,,,,,,,,,,,
Rg,111,,,,281.0,,,,,,,,121,116.0,118.0,,,,,,,,,,,0.0,-14.32663431,3.306811764,4.166321749,0.31800363800000003,18.08,,,,,27.31,,,,,,,,,,,1.0,25.0,0.0,10.0,0.0,14.0,0.0,0.0,1.0,1.0,7,,,,,,,,,,,,,,,,,
Cn,112,,,,285.0,,,,,,,,122,137.0,130.0,,,27.64,,,,,,,,0.0,-14.32663431,3.306811764,4.166321749,0.31800363800000003,18.08,,,,,27.31,,,,,,,,,,,0.0,26.0,0.0,10.0,0.0,14.0,0.0,0.0,0.0,2.0,7,,,,,,,,,,,,,,,,,
Nh,113,,,,286.0,,,,,,,,136,,,,,29.9,,,,,,,,,,,,,,,,,,,,,,,,,,,,,,,,,,,,,,,7,,,,,,,,,,,,,,,,,
Fl,114,,,,289.0,,,,,,,,143,,,,,31.98,,,,,,,,,,,,,,,,,,,,,,,,,,,,,,,,,,,,,,,7,,,,,,,,,,,,,,,,,
Mc,115,,,,288.0,,,,,,,,162,,,,,,,,,,,,,,,,,,,,,,,,,,,,,,,,,,,,,,,,,,,,7,,,,,,,,,,,,,,,,,
Lv,116,,,,293.0,,,,,,,,175,,,,,,,,,,,,,,,,,,,,,,,,,,,,,,,,,,,,,,,,,,,,7,,,,,,,,,,,,,,,,,
Ts,117,,,,294.0,,,,,,,,165,,,,,,,,,,,,,,,,,,,,,,,,,,,,,,,,,,,,,,,,,,,,7,,,,,,,,,,,,,,,,,
Og,118,,,,294.0,,,,,,,,157,,,,,46.33,,0.055999999999999994,,,,,,,,,,,,,,,,,,,,,,,,,,,,,,,,,,,,,7,,,,,,,,,,,,,,,,,
